customer_name,Recency,Frequency,Monetary,R,F,M,RFM_Class,RFM_Score,Segment
Aaron Bergman,109,22,7133.500000000001,4,4,2,442,10,Bronze
Aaron Hawkins,8,13,10466.900000000001,2,4,1,241,7,Gold
Aaron Smayling,1,54,12079.309999999998,1,1,1,111,3,Platinum
Adam Bellavance,13,44,10822.28,3,1,1,311,5,Platinum
Adam Hart,2,47,8975.52,1,1,2,112,4,Platinum
Adam Shillingsburg,5,33,7442.370000000001,2,2,2,222,6,Platinum
Adrian Barton,5,43,7333.490000000001,2,1,2,212,5,Platinum
Adrian Hane,11,22,2309.4200000000005,2,4,4,244,10,Bronze
Adrian Shami,92,8,1973.63,4,4,4,444,12,Bronze
Aimee Bixby,13,30,3507.7700000000004,3,2,4,324,9,Silver
Alan Barnes,1,26,9096.25,1,3,2,132,6,Platinum
Alan Dominguez,2,26,7292.17,1,3,2,132,6,Platinum
Alan Haines,37,26,5411.38,4,3,3,433,10,Bronze
Alan Hwang,7,39,14295.270000000006,2,1,1,211,4,Platinum
Alan Schoenberger,1,31,6410.8600000000015,1,2,3,123,6,Platinum
Alan Shonely,14,15,1130.11,3,4,4,344,11,Bronze
Alejandro Ballentine,30,37,9485.730000000001,4,2,2,422,8,Gold
Alejandro Grove,13,30,8053.55,3,2,2,322,7,Gold
Alejandro Savely,8,39,11007.17,2,1,1,211,4,Platinum
Aleksandra Gannaway,20,15,2799.8199999999997,3,4,4,344,11,Bronze
Alex Avila,6,21,3728.7800000000007,2,4,4,244,10,Bronze
Alex Grayson,2,38,9005.38,1,2,2,122,5,Platinum
Alex Russell,24,45,9595.84,3,1,1,311,5,Platinum
Alice McCarthy,3,47,5062.509999999998,1,1,3,113,5,Platinum
Allen Armold,23,23,1744.6300000000003,3,3,4,334,10,Bronze
Allen Goldenen,114,10,1555.15,4,4,4,444,12,Bronze
Allen Rosenblatt,54,21,6357.9,4,4,3,443,11,Bronze
Alyssa Crouse,15,25,13751.92,3,3,1,331,7,Gold
Alyssa Tate,2,33,10944.0,1,2,1,121,4,Platinum
Amy Cox,11,20,12796.74,2,4,1,241,7,Gold
Amy Hunt,70,22,4821.170000000001,4,4,3,443,11,Bronze
Andrew Allen,97,9,4660.26,4,4,3,443,11,Bronze
Andrew Gjertsen,22,38,5329.749999999999,3,2,3,323,8,Gold
Andrew Roberts,41,25,3134.23,4,3,4,434,11,Bronze
Andy Gerbode,3,14,5494.42,1,4,3,143,8,Gold
Andy Reiter,209,9,1062.63,4,4,4,444,12,Bronze
Andy Yotov,6,28,3886.14,2,3,4,234,9,Silver
Anemone Ratner,13,29,10197.6,3,3,1,331,7,Gold
Angele Hood,14,24,5357.22,3,3,3,333,9,Silver
Ann Blume,11,47,7389.549999999998,2,1,2,212,5,Platinum
Ann Chong,4,60,11451.300000000003,1,1,1,111,3,Platinum
Ann Steele,11,18,1392.36,2,4,4,244,10,Bronze
Anna Andreadi,13,28,3640.76,3,3,4,334,10,Bronze
Anna Chung,4,34,4696.889999999999,1,2,3,123,6,Platinum
Anna Gayman,19,30,1461.98,3,2,4,324,9,Silver
Anna H√§berlin,26,36,5111.990000000001,4,2,3,423,9,Silver
Anne McFarland,125,41,11919.779999999999,4,1,1,411,6,Platinum
Anne Pryor,15,32,12695.220000000001,3,2,1,321,6,Platinum
Annie Thurman,2,36,7661.860000000002,1,2,2,122,5,Platinum
Annie Zypern,61,53,6872.85,4,1,2,412,7,Gold
Anthony Garverick,28,43,9579.419999999998,4,1,2,412,7,Gold
Anthony Jacobs,1,23,2969.909999999999,1,3,4,134,8,Gold
Anthony Johnson,96,36,6882.15,4,2,2,422,8,Gold
Anthony O'Donnell,9,27,6712.490000000001,2,3,2,232,7,Gold
Anthony Rawles,2,44,11327.45,1,1,1,111,3,Platinum
Anthony Witt,5,36,3658.6000000000004,2,2,4,224,8,Gold
Arianne Irving,2,22,2989.9700000000007,1,4,4,144,9,Silver
Art Ferguson,15,38,13000.66,3,2,1,321,6,Platinum
Art Foster,49,64,16984.35,4,1,1,411,6,Platinum
Arthur Gainer,28,21,4821.74,4,4,3,443,11,Bronze
Arthur Prichep,65,25,20117.739999999998,4,3,1,431,8,Gold
Arthur Wiediger,13,21,7118.389999999999,3,4,2,342,9,Silver
Ashley Jarboe,9,25,10194.699999999999,2,3,1,231,6,Platinum
Astrea Jones,21,13,1781.47,3,4,4,344,11,Bronze
Barbara Fisher,10,32,4658.53,2,2,3,223,7,Gold
Barry Blumstein,7,36,5378.039999999999,2,2,3,223,7,Gold
Barry Franz,3,30,10648.009999999998,1,2,1,121,4,Platinum
Barry Franz√∂sisch,5,37,3017.9,2,2,4,224,8,Gold
Barry Gonzalez,9,17,6583.49,2,4,2,242,8,Gold
Barry Pond,0,38,7093.460000000003,1,2,2,122,5,Platinum
Barry Weirich,6,30,7214.23,2,2,2,222,6,Platinum
Bart Folk,11,20,3081.9600000000005,2,4,4,244,10,Bronze
Bart Pistole,2,34,5322.98,1,2,3,123,6,Platinum
Bart Watters,41,27,10801.19,4,3,1,431,8,Gold
Becky Castell,12,36,6600.360000000001,3,2,2,322,7,Gold
Becky Martin,1,14,2163.44,1,4,4,144,9,Silver
Becky Pak,5,26,3888.89,2,3,4,234,9,Silver
Ben Ferrer,0,34,6339.18,1,2,3,123,6,Platinum
Ben Peterman,0,29,5163.049999999998,1,3,3,133,7,Gold
Ben Wallace,18,24,4507.13,3,3,3,333,9,Silver
Benjamin Farhat,24,21,4227.99,3,4,3,343,10,Bronze
Benjamin Patterson,25,16,2214.44,4,4,4,444,12,Bronze
Benjamin Venier,14,40,11786.29,3,1,1,311,5,Platinum
Berenike Kampe,2,26,1800.8300000000002,1,3,4,134,8,Gold
Beth Fritzler,5,37,5447.619999999999,2,2,3,223,7,Gold
Beth Paige,0,25,11438.74,1,3,1,131,5,Platinum
Beth Thompson,10,40,5488.14,2,1,3,213,6,Platinum
Bill Donatelli,1,40,6516.070000000001,1,1,2,112,4,Platinum
Bill Eplett,54,56,33536.70999999999,4,1,1,411,6,Platinum
Bill Overfelt,42,27,3985.6499999999996,4,3,3,433,10,Bronze
Bill Shonely,0,48,9240.07,1,1,2,112,4,Platinum
Bill Stewart,16,35,3805.3100000000004,3,2,4,324,9,Silver
Bill Tyler,3,34,9334.49,1,2,2,122,5,Platinum
Bobby Elias,26,32,5204.2699999999995,4,2,3,423,9,Silver
Bobby Odegard,5,29,3393.120000000001,2,3,4,234,9,Silver
Bobby Trafton,68,22,3069.7999999999997,4,4,4,444,12,Bronze
Brad Eason,0,50,23143.38,1,1,1,111,3,Platinum
Brad Norvell,3,36,14294.89,1,2,1,121,4,Platinum
Brad Thomas,32,52,9474.640000000001,4,1,2,412,7,Gold
Bradley Drucker,13,25,7193.3499999999985,3,3,2,332,8,Gold
Bradley Nguyen,1,30,4812.51,1,2,3,123,6,Platinum
Bradley Talbott,15,29,4777.69,3,3,3,333,9,Silver
Brenda Bowman,6,35,6753.100000000001,2,2,2,222,6,Platinum
Brendan Dodson,3,24,5232.75,1,3,3,133,7,Gold
Brendan Murry,20,31,3412.27,3,2,4,324,9,Silver
Brendan Sweed,25,9,2151.88,4,4,4,444,12,Bronze
Brian Dahlen,242,12,6395.28,4,4,3,443,11,Bronze
Brian DeCherney,31,24,3604.65,4,3,4,434,11,Bronze
Brian Derr,19,11,661.88,3,4,4,344,11,Bronze
Brian Moss,6,38,12108.52,2,2,1,221,5,Platinum
Brian Stugart,3,26,3708.35,1,3,4,134,8,Gold
Brian Thompson,23,21,8731.31,3,4,2,342,9,Silver
Brooke Gillingham,13,16,2750.48,3,4,4,344,11,Bronze
Brosina Hoffman,24,58,11292.439999999999,3,1,1,311,5,Platinum
Bruce Degenhardt,2,58,9168.1,1,1,2,112,4,Platinum
Bruce Geld,2,32,3656.5900000000006,1,2,4,124,7,Gold
Bruce Stewart,4,39,4923.400000000001,1,1,3,113,5,Platinum
Bryan Davis,18,24,3086.43,3,3,4,334,10,Bronze
Bryan Mills,9,24,11060.150000000001,2,3,1,231,6,Platinum
Bryan Spruell,6,47,18008.369999999995,2,1,1,211,4,Platinum
Candace McMahon,20,20,3863.77,3,4,4,344,11,Bronze
Cari MacIntyre,4,22,2518.4899999999993,1,4,4,144,9,Silver
Cari Sayre,11,24,5760.0,2,3,3,233,8,Gold
Cari Schnelling,21,14,2573.140000000001,3,4,4,344,11,Bronze
Carl Jackson,1,35,7114.73,1,2,2,122,5,Platinum
Carl Ludwig,16,25,3245.53,3,3,4,334,10,Bronze
Carl Weiss,0,17,7263.679999999999,1,4,2,142,7,Gold
Carlos Daly,1,46,23714.859999999993,1,1,1,111,3,Platinum
Carlos Meador,36,35,11836.249999999998,4,2,1,421,7,Gold
Carlos Soltero,5,33,6980.049999999999,2,2,2,222,6,Platinum
Carol Adams,5,44,17503.460000000003,2,1,1,211,4,Platinum
Carol Darley,10,17,4762.360000000001,2,4,3,243,9,Silver
Carol Triggs,5,18,5878.31,2,4,3,243,9,Silver
Caroline Jumper,17,33,10929.2,3,2,1,321,6,Platinum
Cassandra Brandow,6,22,3791.4800000000005,2,4,4,244,10,Bronze
Catherine Glotzbach,3,12,499.2700000000001,1,4,4,144,9,Silver
Cathy Armstrong,1,35,9026.419999999998,1,2,2,122,5,Platinum
Cathy Hwang,72,32,7226.79,4,2,2,422,8,Gold
Cathy Prescott,42,21,6982.2699999999995,4,4,2,442,10,Bronze
Chad Cunningham,32,15,10331.609999999999,4,4,1,441,9,Silver
Chad McGuire,5,26,7676.470000000001,2,3,2,232,7,Gold
Chad Sievert,10,14,4116.77,2,4,3,243,9,Silver
Charles Crestani,74,13,5864.31,4,4,3,443,11,Bronze
Charles McCrossin,66,30,11322.83,4,2,1,421,7,Gold
Charles Sheldon,33,39,15404.8,4,1,1,411,6,Platinum
Charlotte Melton,6,28,10953.030000000002,2,3,1,231,6,Platinum
Chloris Kastensmidt,6,49,9141.32,2,1,2,212,5,Platinum
Chris Cortes,4,33,4622.28,1,2,3,123,6,Platinum
Chris McAfee,15,23,10019.05,3,3,1,331,7,Gold
Chris Selesnick,6,38,6984.549999999998,2,2,2,222,6,Platinum
Christina Anderson,23,35,8190.64,3,2,2,322,7,Gold
Christina DeMoss,4,43,6479.63,1,1,3,113,5,Platinum
Christina VanderZanden,30,23,10663.900000000003,4,3,1,431,8,Gold
Christine Abelman,12,23,6041.080000000001,3,3,3,333,9,Silver
Christine Kargatis,3,29,7114.09,1,3,2,132,6,Platinum
Christine Phan,2,33,17748.9,1,2,1,121,4,Platinum
Christine Sundaresam,10,53,9658.309999999998,2,1,1,211,4,Platinum
Christopher Conant,13,32,15365.820000000002,3,2,1,321,6,Platinum
Christopher Martinez,14,33,5416.84,3,2,3,323,8,Gold
Christopher Schild,0,34,5524.309999999999,1,2,3,123,6,Platinum
Christy Brittain,8,18,1822.16,2,4,4,244,10,Bronze
Chuck Clark,10,31,7017.78,2,2,2,222,6,Platinum
Chuck Magee,27,21,8295.939999999999,4,4,2,442,10,Bronze
Chuck Sachs,2,39,14552.13,1,1,1,111,3,Platinum
Cindy Chapman,7,29,6300.99,2,3,3,233,8,Gold
Cindy Schnelling,60,31,4271.41,4,2,3,423,9,Silver
Cindy Stewart,41,11,2913.52,4,4,4,444,12,Bronze
Claire Gute,14,24,5798.280000000001,3,3,3,333,9,Silver
Claudia Bergmann,13,47,13201.019999999999,3,1,1,311,5,Platinum
Clay Cheatham,16,17,3748.05,3,4,4,344,11,Bronze
Clay Ludtke,7,27,5070.26,2,3,3,233,8,Gold
Clay Rozendal,2,36,10245.03,1,2,1,121,4,Platinum
Clytie Kelty,22,26,5911.060000000001,3,3,3,333,9,Silver
Corey Catlett,12,35,6458.010000000001,3,2,3,323,8,Gold
Corey Roper,15,39,11401.880000000003,3,1,1,311,5,Platinum
Corey-Lock,2,31,7958.569999999999,1,2,2,122,5,Platinum
Corinna Mitchell,38,21,9090.630000000001,4,4,2,442,10,Bronze
Craig Carreira,3,17,3447.0099999999998,1,4,4,144,9,Silver
Craig Carroll,28,17,7757.37,4,4,2,442,10,Bronze
Craig Leslie,12,31,5812.019999999999,3,2,3,323,8,Gold
Craig Molinari,25,19,2411.22,4,4,4,444,12,Bronze
Craig Reiter,0,18,4463.71,1,4,3,143,8,Gold
Craig Yedwab,34,29,6609.34,4,3,2,432,9,Silver
Cyma Kinney,52,25,4151.44,4,3,3,433,10,Bronze
Cynthia Arntzen,96,28,5752.179999999999,4,3,3,433,10,Bronze
Cynthia Delaney,70,36,2335.5600000000004,4,2,4,424,10,Bronze
Cynthia Voltz,95,30,4949.23,4,2,3,423,9,Silver
Cyra Reiten,31,49,13162.65,4,1,1,411,6,Platinum
Damala Kotsonis,16,64,12556.54,3,1,1,311,5,Platinum
Dan Campbell,5,71,11539.52,2,1,1,211,4,Platinum
Dan Lawera,37,33,6365.07,4,2,3,423,9,Silver
Dan Reichenbach,0,48,12354.650000000001,1,1,1,111,3,Platinum
Dana Kaydos,31,34,13538.139999999998,4,2,1,421,7,Gold
Daniel Byrd,11,33,8928.810000000001,2,2,2,222,6,Platinum
Daniel Lacy,33,35,3105.7699999999995,4,2,4,424,10,Bronze
Daniel Raglin,9,58,10393.84,2,1,1,211,4,Platinum
Dario Medina,105,9,1023.1700000000001,4,4,4,444,12,Bronze
Darren Budd,72,16,6170.139999999999,4,4,3,443,11,Bronze
Darren Koutras,1,37,6265.09,1,2,3,123,6,Platinum
Darren Powers,2,41,7066.16,1,1,2,112,4,Platinum
Darrin Martin,2,49,8875.41,1,1,2,112,4,Platinum
Darrin Sayre,57,33,5702.3099999999995,4,2,3,423,9,Silver
Darrin Van Huff,4,71,14305.209999999997,1,1,1,111,3,Platinum
Dave Brooks,25,18,3267.92,4,4,4,444,12,Bronze
Dave Hallsten,82,48,13809.37,4,1,1,411,6,Platinum
Dave Kipp,0,55,27322.320000000007,1,1,1,111,3,Platinum
Dave Poirier,19,22,8819.060000000001,3,4,2,342,9,Silver
David Bremer,7,9,3107.02,2,4,4,244,10,Bronze
David Flashing,8,18,5240.209999999999,2,4,3,243,9,Silver
David Kendrick,4,23,4362.099999999999,1,3,3,133,7,Gold
David Philippe,5,16,11618.53,2,4,1,241,7,Gold
David Smith,0,30,6930.34,1,2,2,122,5,Platinum
David Wiener,19,18,3011.91,3,4,4,344,11,Bronze
Dean Braden,3,33,9156.53,1,2,2,122,5,Platinum
Dean Katz,7,27,4245.33,2,3,3,233,8,Gold
Dean percer,57,45,9813.05,4,1,1,411,6,Platinum
Deanra Eno,12,28,2690.8399999999992,3,3,4,334,10,Bronze
Deborah Brumfield,4,44,9127.44,1,1,2,112,4,Platinum
Debra Catini,8,24,5999.07,2,3,3,233,8,Gold
Deirdre Greer,24,29,12947.31,3,3,1,331,7,Gold
Delfina Latchford,4,74,22104.59,1,1,1,111,3,Platinum
Denise Leinenbach,24,13,6896.550000000001,3,4,2,342,9,Silver
Denise Monton,2,22,12224.540000000003,1,4,1,141,6,Platinum
Dennis Bolton,24,31,4230.25,3,2,3,323,8,Gold
Dennis Kane,18,30,5200.250000000001,3,2,3,323,8,Gold
Dennis Pardue,5,20,3804.05,2,4,4,244,10,Bronze
Denny Blanton,20,29,8268.710000000001,3,3,2,332,8,Gold
Denny Joy,18,11,6136.58,3,4,3,343,10,Bronze
Denny Ordway,17,59,10117.689999999997,3,1,1,311,5,Platinum
Dianna Arnett,0,12,1473.1399999999999,1,4,4,144,9,Silver
Dianna Vittorini,0,22,6033.870000000001,1,4,3,143,8,Gold
Dianna Wilson,27,50,6270.360000000001,4,1,3,413,8,Gold
Dionis Lloyd,0,26,4497.99,1,3,3,133,7,Gold
Don Jones,4,42,13080.06,1,1,1,111,3,Platinum
Don Miller,32,24,4033.2900000000004,4,3,3,433,10,Bronze
Don Weiss,0,43,12660.620000000003,1,1,1,111,3,Platinum
Dorothy Badders,14,40,10624.82,3,1,1,311,5,Platinum
Dorothy Dickinson,33,24,3395.2400000000002,4,3,4,434,11,Bronze
Dorothy Wardle,5,49,8355.97,2,1,2,212,5,Platinum
Dorris liebe,96,11,534.2800000000001,4,4,4,444,12,Bronze
Doug Bickford,5,29,14254.550000000001,2,3,1,231,6,Platinum
Doug Jacobs,7,17,4077.8999999999996,2,4,3,243,9,Silver
Doug O'Connell,0,48,5340.48,1,1,3,113,5,Platinum
Duane Benoit,41,33,8259.14,4,2,2,422,8,Gold
Duane Huffman,1,29,7926.199999999999,1,3,2,132,6,Platinum
Duane Noonan,2,34,7475.140000000001,1,2,2,122,5,Platinum
Ed Braxton,39,26,3996.2300000000005,4,3,3,433,10,Bronze
Ed Jacobs,28,22,4586.51,4,4,3,443,11,Bronze
Ed Ludwig,33,23,5439.48,4,3,3,433,10,Bronze
Edward Becker,5,26,5584.58,2,3,3,233,8,Gold
Edward Hooks,6,30,5546.170000000001,2,2,3,223,7,Gold
Edward Nazzal,6,20,3237.71,2,4,4,244,10,Bronze
Eileen Kiefer,31,16,2259.7599999999998,4,4,4,444,12,Bronze
Eleni McCrary,40,18,4320.05,4,4,3,443,11,Bronze
Elizabeth Moffitt,46,24,5179.719999999999,4,3,3,433,10,Bronze
Ellis Ballard,9,16,2594.95,2,4,4,244,10,Bronze
Elpida Rittenbach,27,12,1884.57,4,4,4,444,12,Bronze
Emily Burns,2,7,1759.2,1,4,4,144,9,Silver
Emily Ducich,4,47,9039.310000000001,1,1,2,112,4,Platinum
Emily Grady,24,38,16612.0,3,2,1,321,6,Platinum
Emily Phan,3,26,2837.8,1,3,4,134,8,Gold
Eric Barreto,7,24,6060.38,2,3,3,233,8,Gold
Eric Hoffmann,41,39,4267.9000000000015,4,1,3,413,8,Gold
Eric Murdock,9,37,12036.79,2,2,1,221,5,Platinum
Erica Bern,0,33,5586.919999999999,1,2,3,123,6,Platinum
Erica Hackney,4,10,598.73,1,4,4,144,9,Silver
Erica Hernandez,2,40,4996.26,1,1,3,113,5,Platinum
Erica Smith,7,34,8293.029999999999,2,2,2,222,6,Platinum
Erin Ashbrook,63,10,871.7,4,4,4,444,12,Bronze
Erin Creighton,76,17,2385.77,4,4,4,444,12,Bronze
Erin Mull,15,24,3803.11,3,3,4,334,10,Bronze
Erin Smith,6,9,1842.55,2,4,4,244,10,Bronze
Eudokia Martin,105,15,2470.5199999999995,4,4,4,444,12,Bronze
Eugene Barchas,9,27,5065.5,2,3,3,233,8,Gold
Eugene Hildebrand,12,55,18124.979999999996,3,1,1,311,5,Platinum
Eugene Moren,18,46,13223.61,3,1,1,311,5,Platinum
Eva Jacobs,4,36,7147.57,1,2,2,122,5,Platinum
Evan Bailliet,26,17,1989.7,4,4,4,444,12,Bronze
Evan Henry,38,16,5390.97,4,4,3,443,11,Bronze
Evan Minnotte,11,57,23025.670000000002,2,1,1,211,4,Platinum
Filia McAdams,84,25,9637.52,4,3,1,431,8,Gold
Frank Atkinson,14,18,11753.470000000001,3,4,1,341,8,Gold
Frank Carlisle,20,20,4661.379999999999,3,4,3,343,10,Bronze
Frank Gastineau,25,28,5813.540000000001,4,3,3,433,10,Bronze
Frank Hawley,17,30,5002.790000000001,3,2,3,323,8,Gold
Frank Merwin,2,56,5957.25,1,1,3,113,5,Platinum
Frank Olsen,0,40,5446.14,1,1,3,113,5,Platinum
Frank Preis,7,24,2162.92,2,3,4,234,9,Silver
Fred Chung,96,27,3052.09,4,3,4,434,11,Bronze
Fred Harton,2,25,3532.6099999999997,1,3,4,134,8,Gold
Fred Hopkins,11,56,17085.690000000002,2,1,1,211,4,Platinum
Fred McMath,23,28,1458.6399999999999,3,3,4,334,10,Bronze
Fred Wasserman,18,29,7385.319999999999,3,3,2,332,8,Gold
Gary Hansen,4,49,9177.080000000002,1,1,2,112,4,Platinum
Gary Hwang,1,39,6967.7699999999995,1,1,2,112,4,Platinum
Gary McGarr,15,39,5434.070000000001,3,1,3,313,7,Gold
Gary Mitchum,6,31,9382.57,2,2,2,222,6,Platinum
Gary Zandusky,0,35,17479.969999999998,1,2,1,121,4,Platinum
Gene Hale,21,26,8015.21,3,3,2,332,8,Gold
Gene McClure,77,27,6526.239999999999,4,3,2,432,9,Silver
George Ashbrook,6,36,4188.45,2,2,3,223,7,Gold
George Bell,10,26,1959.3400000000004,2,3,4,234,9,Silver
George Zrebassa,1,29,5241.1,1,3,3,133,7,Gold
Georgia Rosenberg,38,28,3469.8999999999996,4,3,4,434,11,Bronze
Giulietta Baptist,1,25,6873.780000000001,1,3,2,132,6,Platinum
Giulietta Dortch,15,17,9250.289999999999,3,4,2,342,9,Silver
Giulietta Weimer,34,21,13060.99,4,4,1,441,9,Silver
Grace Kelly,13,33,11320.570000000002,3,2,1,321,6,Platinum
Grant Thornton,4,21,28638.329999999998,1,4,1,141,6,Platinum
Greg Guthrie,19,42,6875.219999999999,3,1,2,312,6,Platinum
Greg Hansen,1,44,8078.019999999999,1,1,2,112,4,Platinum
Greg Matthias,4,25,3259.23,1,3,4,134,8,Gold
Greg Maxwell,18,57,19179.769999999997,3,1,1,311,5,Platinum
Greg Tran,2,36,18176.060000000005,1,2,1,121,4,Platinum
Guy Armstrong,5,30,3443.95,2,2,4,224,8,Gold
Guy Phonely,2,15,5976.64,1,4,3,143,8,Gold
Guy Thornton,10,48,7646.2699999999995,2,1,2,212,5,Platinum
Hallie Redmond,13,46,9339.270000000002,3,1,2,312,6,Platinum
Harold Dahlen,17,39,15195.650000000001,3,1,1,311,5,Platinum
Harold Engle,6,34,3586.9500000000003,2,2,4,224,8,Gold
Harold Pawlan,4,22,1062.6099999999997,1,4,4,144,9,Silver
Harold Ryan,48,17,7185.14,4,4,2,442,10,Bronze
Harry Greene,1,64,26495.4,1,1,1,111,3,Platinum
Harry Marie,1,29,14030.24,1,3,1,131,5,Platinum
Heather Jas,10,37,7983.460000000001,2,2,2,222,6,Platinum
Heather Kirkland,19,33,7777.050000000001,3,2,2,322,7,Gold
Helen Abelman,2,46,11295.900000000003,1,1,1,111,3,Platinum
Helen Andreada,11,28,2635.71,2,3,4,234,9,Silver
Helen Wasserman,24,53,21334.119999999995,3,1,1,311,5,Platinum
Henia Zydlo,7,35,10670.33,2,2,1,221,5,Platinum
Henry Goldwyn,6,34,8772.279999999999,2,2,2,222,6,Platinum
Henry MacAllister,6,44,7717.409999999998,2,1,2,212,5,Platinum
Herbert Flentye,9,11,941.03,2,4,4,244,10,Bronze
Hilary Holden,43,37,6872.029999999999,4,2,2,422,8,Gold
Hunter Glantz,22,20,7692.76,3,4,2,342,9,Silver
Hunter Lopez,8,28,33319.06,2,3,1,231,6,Platinum
Ionia McGrath,9,25,4237.160000000001,2,3,3,233,8,Gold
Irene Maddox,22,37,9537.960000000001,3,2,2,322,7,Gold
Ivan Gibson,10,30,2611.7599999999998,2,2,4,224,8,Gold
Ivan Liston,116,31,6860.3200000000015,4,2,2,422,8,Gold
Jack Garza,0,12,991.0,1,4,4,144,9,Silver
Jack Lebron,1,44,5568.16,1,1,3,113,5,Platinum
Jack O'Briant,6,24,5626.5,2,3,3,233,8,Gold
James Galang,17,26,3240.13,3,3,4,334,10,Bronze
James Lanier,10,30,5551.369999999998,2,2,3,223,7,Gold
Jamie Frazer,0,37,11552.260000000004,1,2,1,121,4,Platinum
Jamie Kunitz,31,23,7817.009999999999,4,3,2,432,9,Silver
Jane Waco,12,61,41278.689999999995,3,1,1,311,5,Platinum
Janet Lee,1,38,19262.680000000008,1,2,1,121,4,Platinum
Janet Martin,11,39,8111.51,2,1,2,212,5,Platinum
Janet Molinari,17,17,5838.360000000001,3,4,3,343,10,Bronze
Jas O'Carroll,6,10,2649.28,2,4,4,244,10,Bronze
Jason Fortune-,42,38,4617.1900000000005,4,2,3,423,9,Silver
Jason Gross,10,24,4824.5199999999995,2,3,3,233,8,Gold
Jason Klamczynski,63,13,2256.0499999999997,4,4,4,444,12,Bronze
Jasper Cacioppo,15,38,12971.580000000002,3,2,1,321,6,Platinum
Jay Fein,18,23,4393.48,3,3,3,333,9,Silver
Jay Kimmel,0,37,6473.82,1,2,3,123,6,Platinum
Jenna Caffey,1,48,11249.33,1,1,1,111,3,Platinum
Jennifer Braxton,5,39,8282.83,2,1,2,212,5,Platinum
Jennifer Ferguson,9,61,12921.51,2,1,1,211,4,Platinum
Jennifer Halladay,2,32,1696.7399999999998,1,2,4,124,7,Gold
Jennifer Jackson,4,8,1272.69,1,4,4,144,9,Silver
Jennifer Patt,23,26,3707.1100000000006,3,3,4,334,10,Bronze
Jeremy Ellison,29,12,723.7499999999998,4,4,4,444,12,Bronze
Jeremy Farry,28,23,5048.700000000001,4,3,3,433,10,Bronze
Jeremy Lonsdale,38,25,7444.66,4,3,2,432,9,Silver
Jeremy Pistek,13,30,5904.429999999999,3,2,3,323,8,Gold
Jessica Myrick,1,12,1982.6399999999999,1,4,4,144,9,Silver
Jesus Ocampo,0,29,3658.4499999999994,1,3,4,134,8,Gold
Jill Fjeld,0,38,7030.090000000001,1,2,2,122,5,Platinum
Jill Matthias,6,12,579.49,2,4,4,244,10,Bronze
Jill Stevenson,16,15,1797.06,3,4,4,344,11,Bronze
Jim Epp,40,38,13331.71,4,2,1,421,7,Gold
Jim Karlsson,1,47,8665.26,1,1,2,112,4,Platinum
Jim Kriz,2,23,8521.189999999999,1,3,2,132,6,Platinum
Jim Mitchum,17,22,3092.4199999999987,3,4,4,344,11,Bronze
Jim Radford,34,14,3235.74,4,4,4,444,12,Bronze
Jim Sink,12,42,7224.609999999999,3,1,2,312,6,Platinum
Jocasta Rupert,4,26,6872.989999999999,1,3,2,132,6,Platinum
Joe Elijah,8,22,2795.6799999999994,2,4,4,244,10,Bronze
Joe Kamberova,21,28,9324.630000000001,3,3,2,332,8,Gold
Joel Eaton,11,46,10968.67,2,1,1,211,4,Platinum
Joel Jenkins,2,24,3070.94,1,3,4,134,8,Gold
John Castell,5,48,8542.17,2,1,2,212,5,Platinum
John Dryer,0,17,911.6500000000001,1,4,4,144,9,Silver
John Grady,16,40,6241.41,3,1,3,313,7,Gold
John Huston,8,41,18207.21,2,1,1,211,4,Platinum
John Lee,6,48,11245.57,2,1,1,211,4,Platinum
John Lucas,108,12,4062.06,4,4,3,443,11,Bronze
John Murray,52,27,4824.239999999999,4,3,3,433,10,Bronze
John Stevenson,1,8,1566.0,1,4,4,144,9,Silver
Jonathan Doherty,3,44,12595.03,1,1,1,111,3,Platinum
Jonathan Howell,29,39,10229.859999999999,4,1,1,411,6,Platinum
Joni Blumstein,0,38,7178.250000000002,1,2,2,122,5,Platinum
Joni Sundaresam,8,14,5310.139999999999,2,4,3,243,9,Silver
Joni Wasserman,5,52,8090.79,2,1,2,212,5,Platinum
Joseph Airdo,2,39,11541.329999999998,1,1,1,111,3,Platinum
Joseph Holt,1,32,2243.42,1,2,4,124,7,Gold
Joy Bell-,23,34,7493.65,3,2,2,322,7,Gold
Joy Daniels,36,47,5741.979999999999,4,1,3,413,8,Gold
Joy Smith,8,33,10556.79,2,2,1,221,5,Platinum
Julia Barnett,12,30,12609.13,3,2,1,321,6,Platinum
Julia Dunbar,43,24,6372.8099999999995,4,3,3,433,10,Bronze
Julia West,0,39,25903.049999999992,1,1,1,111,3,Platinum
Juliana Krohn,8,38,13719.820000000003,2,2,1,221,5,Platinum
Julie Creighton,39,34,4475.72,4,2,3,423,9,Silver
Julie Kriz,99,21,9913.149999999998,4,4,1,441,9,Silver
Julie Prescott,24,26,4119.950000000001,3,3,3,333,9,Silver
Justin Deggeller,6,35,14925.86,2,2,1,221,5,Platinum
Justin Ellison,2,30,1536.6599999999999,1,2,4,124,7,Gold
Justin Hirsh,27,30,5805.38,4,2,3,423,9,Silver
Justin MacKendrick,65,21,2168.81,4,4,4,444,12,Bronze
Justin Ritter,6,24,3326.69,2,3,4,234,9,Silver
Kalyca Meade,2,15,1259.1399999999999,1,4,4,144,9,Silver
Karen Bern,11,18,4944.210000000001,2,4,3,243,9,Silver
Karen Carlisle,14,34,7231.71,3,2,2,322,7,Gold
Karen Daniels,12,18,9173.56,3,4,2,342,9,Silver
Karen Ferguson,27,60,13450.369999999999,4,1,1,411,6,Platinum
Karen Seio,14,9,1331.75,3,4,4,344,11,Bronze
Karl Braun,2,15,2533.0099999999998,1,4,4,144,9,Silver
Katharine Harms,3,30,5318.499999999999,1,2,3,123,6,Platinum
Katherine Ducich,22,34,7717.97,3,2,2,322,7,Gold
Katherine Hughes,4,23,2941.2299999999996,1,3,4,134,8,Gold
Katherine Murray,2,41,7707.3099999999995,1,1,2,112,4,Platinum
Katherine Nockton,13,23,4395.03,3,3,3,333,9,Silver
Katrina Bavinger,2,61,21726.770000000004,1,1,1,111,3,Platinum
Katrina Edelman,20,29,5845.860000000002,3,3,3,333,9,Silver
Katrina Willman,8,43,6384.179999999999,2,1,3,213,6,Platinum
Kean Nguyen,9,31,12185.49,2,2,1,221,5,Platinum
Kean Takahito,26,29,7591.56,4,3,2,432,9,Silver
Kean Thornton,8,18,3671.86,2,4,4,244,10,Bronze
Keith Dawkins,31,24,9281.07,4,3,2,432,9,Silver
Keith Herrera,0,40,6118.389999999999,1,1,3,113,5,Platinum
Kelly Andreada,6,41,14913.72,2,1,1,211,4,Platinum
Kelly Collister,21,23,9887.169999999998,3,3,1,331,7,Gold
Kelly Lampkin,24,39,8055.47,3,1,2,312,6,Platinum
Kelly Williams,25,47,5067.0,4,1,3,413,8,Gold
Ken Black,65,14,10485.48,4,4,1,441,9,Silver
Ken Brennan,3,36,6367.88,1,2,3,123,6,Platinum
Ken Dana,53,28,4108.49,4,3,3,433,10,Bronze
Ken Heidel,14,14,2142.3700000000003,3,4,4,344,11,Bronze
Ken Lonsdale,3,36,9091.820000000002,1,2,2,122,5,Platinum
Khloe Miller,17,24,6551.21,3,3,2,332,8,Gold
Kimberly Carter,17,22,5425.75,3,4,3,343,10,Bronze
Kristen Hastings,11,35,5570.719999999999,2,2,3,223,7,Gold
Kristina Nunn,69,12,1214.6899999999996,4,4,4,444,12,Bronze
Kunst Miller,21,24,4151.35,3,3,3,333,9,Silver
Larry Blacks,17,23,8138.300000000003,3,3,2,332,8,Gold
Larry Hughes,0,21,1667.0700000000002,1,4,4,144,9,Silver
Larry Tron,17,16,9960.39,3,4,1,341,8,Gold
Laura Armstrong,6,25,9488.51,2,3,2,232,7,Gold
Laurel Beltran,17,45,9697.86,3,1,1,311,5,Platinum
Laurel Elliston,0,23,2935.3,1,3,4,134,8,Gold
Laurel Workman,28,46,9395.01,4,1,2,412,7,Gold
Lauren Leatherbury,6,31,7908.24,2,2,2,222,6,Platinum
Lela Donovan,75,16,5984.1900000000005,4,4,3,443,11,Bronze
Lena Cacioppo,8,28,2877.04,2,3,4,234,9,Silver
Lena Creighton,21,26,6338.8099999999995,3,3,3,333,9,Silver
Lena Hernandez,3,17,2718.8300000000004,1,4,4,144,9,Silver
Lena Radford,11,22,7015.220000000001,2,4,2,242,8,Gold
Linda Cazamias,28,38,4546.13,4,2,3,423,9,Silver
Linda Southworth,18,41,10674.23,3,1,1,311,5,Platinum
Lindsay Castell,0,30,9232.859999999999,1,2,2,122,5,Platinum
Lindsay Shagiari,18,44,7903.120000000001,3,1,2,312,6,Platinum
Lindsay Williams,9,25,3219.51,2,3,4,234,9,Silver
Lisa DeCherney,31,29,3921.2799999999997,4,3,4,434,11,Bronze
Lisa Hazard,14,34,7255.13,3,2,2,322,7,Gold
Lisa Ryan,22,35,5540.17,3,2,3,323,8,Gold
Liz Carlisle,2,29,8773.659999999998,1,3,2,132,6,Platinum
Liz MacKendrick,10,11,5804.72,2,4,3,243,9,Silver
Liz Pelletier,19,27,2344.11,3,3,4,334,10,Bronze
Liz Preis,10,40,9925.43,2,1,1,211,4,Platinum
Liz Thompson,26,43,8279.509999999998,4,1,2,412,7,Gold
Liz Willingham,4,25,4269.45,1,3,3,133,7,Gold
Logan Currie,3,33,9566.279999999999,1,2,2,122,5,Platinum
Logan Haushalter,111,29,6320.230000000001,4,3,3,433,10,Bronze
Lori Olson,6,29,4251.830000000001,2,3,3,233,8,Gold
Luke Foster,14,27,7545.75,3,3,2,332,8,Gold
Luke Schmidt,17,32,7428.470000000001,3,2,2,322,7,Gold
Luke Weiss,21,14,1423.7299999999998,3,4,4,344,11,Bronze
Lycoris Saunders,0,33,6711.460000000001,1,2,2,122,5,Platinum
Lynn Smith,6,22,3700.79,2,4,4,244,10,Bronze
Magdelene Morse,25,25,4447.070000000001,4,3,3,433,10,Bronze
Marc Crier,22,41,9004.269999999999,3,1,2,312,6,Platinum
Marc Harrigan,10,33,7876.839999999999,2,2,2,222,6,Platinum
Maria Bertelson,1,35,7160.690000000001,1,2,2,122,5,Platinum
Maria Etezadi,1,53,11971.269999999999,1,1,1,111,3,Platinum
Maria Zettner,18,29,11593.910000000002,3,3,1,331,7,Gold
Maribeth Dona,87,19,3768.9,4,4,4,444,12,Bronze
Maribeth Schnelling,4,28,2772.7,1,3,4,134,8,Gold
Maribeth Yedwab,14,31,9040.49,3,2,2,322,7,Gold
Marina Lichtenstein,45,12,576.9599999999999,4,4,4,444,12,Bronze
Maris LaWare,8,43,7747.040000000001,2,1,2,212,5,Platinum
Mark Cousins,16,17,7715.9800000000005,3,4,2,342,9,Silver
Mark Haberlin,20,33,9884.169999999998,3,2,1,321,6,Platinum
Mark Hamilton,36,24,4719.030000000001,4,3,3,433,10,Bronze
Mark Packer,5,12,6959.780000000001,2,4,2,242,8,Gold
Mark Van Huff,13,21,2280.66,3,4,4,344,11,Bronze
Mary O'Rourke,36,23,3324.8399999999997,4,3,4,434,11,Bronze
Mary Zewe,10,28,7715.44,2,3,2,232,7,Gold
MaryBeth Skach,10,31,8181.139999999999,2,2,2,222,6,Platinum
Mathew Reese,85,41,14888.539999999999,4,1,1,411,6,Platinum
Matt Abelman,37,27,4134.889999999999,4,3,3,433,10,Bronze
Matt Collins,1,50,8336.22,1,1,2,112,4,Platinum
Matt Collister,32,27,7408.630000000001,4,3,2,432,9,Silver
Matt Connell,24,34,9455.95,3,2,2,322,7,Gold
Matt Hagelstein,45,19,1866.66,4,4,4,444,12,Bronze
Matthew Clasen,0,23,11779.59,1,3,1,131,5,Platinum
Matthew Grinstein,32,23,6359.56,4,3,3,433,10,Bronze
Maureen Fritzler,26,26,5542.939999999999,4,3,3,433,10,Bronze
Maureen Gastineau,36,72,14736.3,4,1,1,411,6,Platinum
Maureen Gnade,7,50,13190.970000000001,2,1,1,211,4,Platinum
Maurice Satty,5,17,7095.07,2,4,2,242,8,Gold
Max Engle,11,36,5541.8,2,2,3,223,7,Gold
Max Jones,18,25,7374.79,3,3,2,332,8,Gold
Max Ludwig,5,34,7187.76,2,2,2,222,6,Platinum
Maxwell Schwartz,40,22,3933.07,4,4,4,444,12,Bronze
Maya Herman,0,20,5573.25,1,4,3,143,8,Gold
Meg O'Connel,10,37,16159.329999999998,2,2,1,221,5,Platinum
Meg Tillman,30,34,10407.42,4,2,1,421,7,Gold
Melanie Seite,5,32,7832.36,2,2,2,222,6,Platinum
Michael Chen,4,39,9148.550000000001,1,1,2,112,4,Platinum
Michael Dominguez,27,36,12284.279999999999,4,2,1,421,7,Gold
Michael Grace,13,30,3478.2,3,2,4,324,9,Silver
Michael Granlund,3,40,12014.760000000002,1,1,1,111,3,Platinum
Michael Kennedy,3,25,3366.9500000000003,1,3,4,134,8,Gold
Michael Moore,4,53,14531.679999999997,1,1,1,111,3,Platinum
Michael Nguyen,11,34,5097.26,2,2,3,223,7,Gold
Michael Oakman,33,14,913.6,4,4,4,444,12,Bronze
Michael Paige,0,50,7047.910000000001,1,1,2,112,4,Platinum
Michael Stewart,22,41,13824.68,3,1,1,311,5,Platinum
Michelle Arnett,12,18,2773.6800000000003,3,4,4,344,11,Bronze
Michelle Ellison,23,18,6848.9800000000005,3,4,2,342,9,Silver
Michelle Huthwaite,24,53,14589.340000000002,3,1,1,311,5,Platinum
Michelle Lonsdale,14,25,4600.950000000001,3,3,3,333,9,Silver
Michelle Moray,34,22,4445.489999999999,4,4,3,443,11,Bronze
Michelle Tran,145,17,4079.15,4,4,3,443,11,Bronze
Mick Brown,53,44,6407.410000000001,4,1,3,413,8,Gold
Mick Crebagga,18,44,11323.859999999999,3,1,1,311,5,Platinum
Mick Hernandez,5,60,11106.850000000002,2,1,1,211,4,Platinum
Mike Caudle,38,20,3081.5800000000004,4,4,4,444,12,Bronze
Mike Gockenbach,27,18,4882.17,4,4,3,443,11,Bronze
Mike Kennedy,4,51,14119.89,1,1,1,111,3,Platinum
Mike Pelletier,0,61,12605.85,1,1,1,111,3,Platinum
Mike Vittorini,7,20,21184.75,2,4,1,241,7,Gold
Mitch Gastineau,3,42,7389.300000000001,1,1,2,112,4,Platinum
Mitch Webber,44,40,13811.67,4,1,1,411,6,Platinum
Mitch Willingham,9,26,8992.119999999997,2,3,2,232,7,Gold
Monica Federle,5,39,13008.309999999996,2,1,1,211,4,Platinum
Muhammed Lee,83,17,2218.7500000000005,4,4,4,444,12,Bronze
Muhammed MacIntyre,12,20,2385.25,3,4,4,344,11,Bronze
Muhammed Yedwab,7,59,10337.88,2,1,1,211,4,Platinum
Nancy Lomonaco,3,28,12270.500000000002,1,3,1,131,5,Platinum
Naresj Patel,8,27,3777.8999999999996,2,3,4,234,9,Silver
Nat Carroll,6,29,9682.470000000001,2,3,1,231,6,Platinum
Nat Gilpin,22,35,8604.25,3,2,2,322,7,Gold
Natalie DeCherney,11,34,5290.789999999999,2,2,3,223,7,Gold
Natalie Fritzler,4,46,22171.949999999993,1,1,1,111,3,Platinum
Natalie Webber,114,19,3424.8300000000004,4,4,4,444,12,Bronze
Nathan Cano,26,24,4254.25,4,3,3,433,10,Bronze
Nathan Gelder,9,41,8344.39,2,1,2,212,5,Platinum
Nathan Mautz,0,29,7047.240000000001,1,3,2,132,6,Platinum
Neil Ducich,5,32,8349.69,2,2,2,222,6,Platinum
Neil Franz√∂sisch,20,22,7840.320000000001,3,4,2,342,9,Silver
Neil Knudson,1,32,2330.86,1,2,4,124,7,Gold
Neola Schneider,1,54,12358.75,1,1,1,111,3,Platinum
Neoma Murray,15,20,4400.2,3,4,3,343,10,Bronze
Nick Crebassa,0,39,5197.330000000002,1,1,3,113,5,Platinum
Nick Radford,31,35,7030.83,4,2,2,422,8,Gold
Nick Zandusky,55,27,7267.640000000001,4,3,2,432,9,Silver
Nicole Fjeld,1,15,8098.629999999999,1,4,2,142,7,Gold
Nicole Hansen,3,55,9229.150000000003,1,1,2,112,4,Platinum
Noah Childs,25,16,4435.6,4,4,3,443,11,Bronze
Noel Staavos,14,53,12542.630000000001,3,1,1,311,5,Platinum
Nona Balk,12,35,3972.44,3,2,3,323,8,Gold
Nora Paige,37,7,3679.34,4,4,4,444,12,Bronze
Nora Pelletier,9,52,14568.19,2,1,1,211,4,Platinum
Nora Preis,7,29,1952.3499999999997,2,3,4,234,9,Silver
Odella Nelson,22,8,2935.34,3,4,4,344,11,Bronze
Olvera Toch,21,51,18619.770000000004,3,1,1,311,5,Platinum
Pamela Coakley,12,19,6266.380000000001,3,4,3,343,10,Bronze
Pamela Stobb,6,38,13829.539999999999,2,2,1,221,5,Platinum
Parhena Norris,13,25,5956.38,3,3,3,333,9,Silver
Patricia Hirasaki,41,15,3379.9499999999994,4,4,4,444,12,Bronze
Patrick Bzostek,11,34,3276.11,2,2,4,224,8,Gold
Patrick Gardner,13,33,4622.650000000001,3,2,3,323,8,Gold
Patrick Jones,25,16,32743.64,4,4,1,441,9,Silver
Patrick O'Brill,4,64,16850.309999999998,1,1,1,111,3,Platinum
Patrick O'Donnell,5,24,13533.220000000001,2,3,1,231,6,Platinum
Patrick Ryan,5,52,4936.720000000001,2,1,3,213,6,Platinum
Paul Gonzalez,2,42,8496.52,1,1,2,112,4,Platinum
Paul Knutson,82,14,3748.56,4,4,4,444,12,Bronze
Paul Lucas,8,23,3906.7799999999997,2,3,4,234,9,Silver
Paul MacIntyre,19,11,2062.75,3,4,4,344,11,Bronze
Paul Prost,12,20,8441.17,3,4,2,342,9,Silver
Paul Stevenson,2,34,9315.640000000001,1,2,2,122,5,Platinum
Paul Van Hugh,2,41,9942.109999999999,1,1,1,111,3,Platinum
Pauline Chand,13,16,3933.79,3,4,3,343,10,Bronze
Pauline Johnson,20,40,12877.83,3,1,1,311,5,Platinum
Pauline Webber,5,39,5314.619999999999,2,1,3,213,6,Platinum
Penelope Sewall,4,36,12606.42,1,2,1,121,4,Platinum
Pete Armstrong,9,16,3715.0099999999998,2,4,4,244,10,Bronze
Pete Kriz,2,21,3696.3799999999997,1,4,4,144,9,Silver
Pete Takahito,1,41,10051.34,1,1,1,111,3,Platinum
Peter B√ºhler,10,27,3965.6500000000005,2,3,3,233,8,Gold
Peter Fuller,72,35,8400.149999999998,4,2,2,422,8,Gold
Peter McVee,10,21,4805.700000000001,2,4,3,243,9,Silver
Philip Brown,6,35,3467.71,2,2,4,224,8,Gold
Philip Fox,23,20,3321.9,3,4,4,344,11,Bronze
Philisse Overcash,17,9,6477.55,3,4,3,343,10,Bronze
Phillina Ober,13,24,11149.2,3,3,1,331,7,Gold
Phillip Breyer,2,40,20020.65,1,1,1,111,3,Platinum
Phillip Flathmann,3,33,4409.099999999999,1,2,3,123,6,Platinum
Pierre Wener,3,26,2633.98,1,3,4,134,8,Gold
Quincy Jones,27,24,4478.79,4,3,3,433,10,Bronze
Rachel Payne,7,33,7194.96,2,2,2,222,6,Platinum
Ralph Arnett,5,29,4933.9,2,3,3,233,8,Gold
Ralph Kennedy,9,47,9027.009999999998,2,1,2,212,5,Platinum
Ralph Ritter,1,39,12130.260000000004,1,1,1,111,3,Platinum
Randy Bradley,23,53,15241.4,3,1,1,311,5,Platinum
Randy Ferguson,35,27,7001.19,4,3,2,432,9,Silver
Raymond Buch,46,42,49383.09,4,1,1,411,6,Platinum
Raymond Messe,8,18,3088.35,2,4,4,244,10,Bronze
Resi P√∂lking,4,38,7748.92,1,2,2,122,5,Platinum
Ricardo Emerson,3,39,8400.12,1,1,2,112,4,Platinum
Ricardo Sperren,49,22,7370.589999999999,4,4,2,442,10,Bronze
Richard Bierner,23,27,5389.16,3,3,3,333,9,Silver
Richard Eichhorn,34,26,16040.249999999998,4,3,1,431,8,Gold
Rick Bensley,0,33,6808.179999999999,1,2,2,122,5,Platinum
Rick Duston,28,24,9502.900000000001,4,3,2,432,9,Silver
Rick Hansen,1,26,5527.81,1,3,3,133,7,Gold
Rick Huthwaite,24,13,2204.1800000000003,3,4,4,344,11,Bronze
Rick Reed,7,38,5443.660000000001,2,2,3,223,7,Gold
Rick Wilson,31,26,30620.74,4,3,1,431,8,Gold
Ritsa Hightower,0,30,6652.919999999999,1,2,2,122,5,Platinum
Rob Beeghly,28,23,5092.04,4,3,3,433,10,Bronze
Rob Dowd,4,57,12151.609999999999,1,1,1,111,3,Platinum
Rob Haberlin,27,11,1074.9399999999998,4,4,4,444,12,Bronze
Rob Lucas,107,20,5191.169999999999,4,4,3,443,11,Bronze
Rob Williams,49,16,3080.51,4,4,4,444,12,Bronze
Robert Barroso,140,23,3337.92,4,3,4,434,11,Bronze
Robert Dilbeck,2,28,10073.6,1,3,1,131,5,Platinum
Robert Marley,3,19,4981.94,1,4,3,143,8,Gold
Robert Waldorf,36,27,5019.089999999999,4,3,3,433,10,Bronze
Roger Barcio,49,35,15895.3,4,2,1,421,7,Gold
Roger Demir,24,42,12187.809999999998,3,1,1,311,5,Platinum
Roland Fjeld,1,41,6955.589999999999,1,1,2,112,4,Platinum
Roland Murray,16,23,2602.9199999999996,3,3,4,334,10,Bronze
Roland Schwarz,8,26,8791.74,2,3,2,232,7,Gold
Rose O'Brian,8,24,3576.5,2,3,4,234,9,Silver
Ross Baird,6,41,19486.01,2,1,1,211,4,Platinum
Ross DeVincentis,27,52,9363.66,4,1,2,412,7,Gold
Roy Collins,141,11,1015.52,4,4,4,444,12,Bronze
Roy Franz√∂sisch,5,26,6005.779999999999,2,3,3,233,8,Gold
Roy Phan,10,24,5474.3099999999995,2,3,3,233,8,Gold
Roy Skaria,5,22,1175.1799999999998,2,4,4,244,10,Bronze
Ruben Ausman,27,32,13461.67,4,2,1,421,7,Gold
Ruben Dartt,2,27,6826.28,1,3,2,132,6,Platinum
Russell Applegate,0,24,5929.68,1,3,3,133,7,Gold
Russell D'Ascenzo,23,32,6241.549999999999,3,2,3,323,8,Gold
Ryan Akin,2,35,7555.48,1,2,2,122,5,Platinum
Ryan Crowe,16,19,2763.7799999999993,3,4,4,344,11,Bronze
Sally Hughsby,6,36,11698.25,2,2,1,221,5,Platinum
Sally Knutson,13,27,5448.389999999999,3,3,3,333,9,Silver
Sally Matthias,88,22,8897.8,4,4,2,442,10,Bronze
Sam Craven,11,11,946.16,2,4,4,244,10,Bronze
Sam Zeldin,7,30,2793.830000000001,2,2,4,224,8,Gold
Sample Company A,37,44,8117.889999999999,4,1,2,412,7,Gold
Sandra Flanagan,32,15,1144.19,4,4,4,444,12,Bronze
Sandra Glassco,11,7,554.95,2,4,4,244,10,Bronze
Sanjit Chand,66,15,9677.37,4,4,1,441,9,Silver
Sanjit Engle,13,43,16785.649999999998,3,1,1,311,5,Platinum
Sanjit Jacobs,5,43,6447.719999999999,2,1,3,213,6,Platinum
Saphhira Shifley,13,36,7944.700000000001,3,2,2,322,7,Gold
Sara Luxemburg,5,51,8199.36,2,1,2,212,5,Platinum
Sarah Bern,13,29,5739.16,3,3,3,333,9,Silver
Sarah Brown,47,18,10647.81,4,4,1,441,9,Silver
Sarah Foster,46,17,8921.53,4,4,2,442,10,Bronze
Sarah Jordon,3,67,23744.780000000002,1,1,1,111,3,Platinum
Scot Coram,17,23,7072.499999999998,3,3,2,332,8,Gold
Scot Wooten,1,28,5151.91,1,3,3,133,7,Gold
Scott Cohen,118,31,8252.279999999999,4,2,2,422,8,Gold
Scott Williamson,6,47,17088.64,2,1,1,211,4,Platinum
Sean Braxton,19,26,5782.67,3,3,3,333,9,Silver
Sean Christensen,6,22,2477.7000000000007,2,4,4,244,10,Bronze
Sean Miller,12,29,9685.26,3,3,1,331,7,Gold
Sean O'Donnell,5,19,2709.17,2,4,4,244,10,Bronze
Sean Wendt,0,28,3631.87,1,3,4,134,8,Gold
Seth Vernon,62,35,13895.41,4,2,1,421,7,Gold
Shahid Collister,8,66,23389.41,2,1,1,211,4,Platinum
Shahid Hopkins,16,34,6783.03,3,2,2,322,7,Gold
Shahid Shariari,26,21,10016.27,4,4,1,441,9,Silver
Sharelle Roach,4,46,4827.02,1,1,3,113,5,Platinum
Shaun Chance,23,31,4450.5599999999995,3,2,3,323,8,Gold
Shaun Weien,9,34,4917.3,2,2,3,223,7,Gold
Sheri Gordon,64,31,3240.1799999999994,4,2,4,424,10,Bronze
Shirley Daniels,9,36,9027.63,2,2,2,222,6,Platinum
Shirley Jackson,176,3,109.92000000000002,4,4,4,444,12,Bronze
Shirley Schmidt,82,13,3102.5,4,4,4,444,12,Bronze
Shui Tom,6,31,7431.719999999998,2,2,2,222,6,Platinum
Sibella Parks,1,18,3726.8599999999997,1,4,4,144,9,Silver
Skye Norling,58,27,5699.16,4,3,3,433,10,Bronze
Sonia Cooley,16,29,10303.919999999998,3,3,1,331,7,Gold
Sonia Sunley,2,41,6333.04,1,1,3,113,5,Platinum
Speros Goranitis,63,34,6786.3099999999995,4,2,2,422,8,Gold
Stefania Perrino,5,35,3227.0000000000005,2,2,4,224,8,Gold
Stefanie Holloman,17,31,2813.0199999999995,3,2,4,324,9,Silver
Stephanie Phelps,16,25,8198.900000000001,3,3,2,332,8,Gold
Stephanie Ulpright,6,72,16122.439999999999,2,1,1,211,4,Platinum
Steve Carroll,5,30,7283.120000000001,2,2,2,222,6,Platinum
Steve Chapman,1,14,4814.05,1,4,3,143,8,Gold
Steve Nguyen,17,21,3545.919999999999,3,4,4,344,11,Bronze
Steven Cartwright,13,28,7280.510000000001,3,3,2,332,8,Gold
Steven Roelle,18,38,11051.940000000002,3,2,1,321,6,Platinum
Steven Ward,16,28,7010.87,3,3,2,332,8,Gold
Stewart Carmichael,13,32,5277.950000000001,3,2,3,323,8,Gold
Stewart Visinsky,21,34,7983.1100000000015,3,2,2,322,7,Gold
Stuart Calhoun,4,15,2308.67,1,4,4,144,9,Silver
Stuart Van,2,25,12884.45,1,3,1,131,5,Platinum
Sue Ann Reed,22,37,4704.7,3,2,3,323,8,Gold
Sung Chung,8,17,2585.34,2,4,4,244,10,Bronze
Sung Pak,67,11,431.94000000000005,4,4,4,444,12,Bronze
Sung Shariari,4,15,1916.31,1,4,4,144,9,Silver
Susan Gilcrest,2,23,7782.329999999999,1,3,2,132,6,Platinum
Susan MacKendrick,17,11,1743.9100000000003,3,4,4,344,11,Bronze
Susan Pistek,31,29,1428.19,4,3,4,434,11,Bronze
Susan Vittorini,9,37,13015.76,2,2,1,221,5,Platinum
Suzanne McNair,2,36,7871.490000000001,1,2,2,122,5,Platinum
Sylvia Foulston,38,42,3404.45,4,1,4,414,9,Silver
Tamara Chand,28,37,3964.420000000001,4,2,3,423,9,Silver
Tamara Dahlen,0,28,1305.9,1,3,4,134,8,Gold
Tamara Manning,34,38,13163.04,4,2,1,421,7,Gold
Tamara Willingham,13,20,1780.17,3,4,4,344,11,Bronze
Tanja Norvell,40,13,1632.81,4,4,4,444,12,Bronze
Ted Butterfield,8,26,5314.4000000000015,2,3,3,233,8,Gold
Ted Trevino,7,31,6515.720000000001,2,2,2,222,6,Platinum
Thais Sissman,32,25,3658.17,4,3,4,434,11,Bronze
Thea Hendricks,43,19,4741.759999999999,4,4,3,443,11,Bronze
Thea Hudgings,14,33,7114.29,3,2,2,322,7,Gold
Theone Pippenger,4,49,11437.36,1,1,1,111,3,Platinum
Theresa Coyne,5,44,12259.24,2,1,1,211,4,Platinum
Theresa Swint,4,15,1542.4900000000002,1,4,4,144,9,Silver
Thomas Boland,17,34,11013.119999999997,3,2,1,321,6,Platinum
Thomas Brumley,22,22,3615.0099999999993,3,4,4,344,11,Bronze
Thomas Seio,43,25,4950.85,4,3,3,433,10,Bronze
Thomas Thornton,11,36,15260.630000000001,2,2,1,221,5,Platinum
Tiffany House,1,21,4850.1900000000005,1,4,3,143,8,Gold
Tim Brockman,2,29,8178.339999999998,1,3,2,132,6,Platinum
Tim Taslimi,14,32,1071.05,3,2,4,324,9,Silver
Toby Braunhardt,40,31,4819.02,4,2,3,423,9,Silver
Toby Carlisle,13,41,5567.28,3,1,3,313,7,Gold
Toby Gnade,18,36,5792.6799999999985,3,2,3,323,8,Gold
Toby Ritter,159,15,1588.5100000000002,4,4,4,444,12,Bronze
Toby Swindell,10,29,4238.52,2,3,3,233,8,Gold
Todd Boyes,5,41,6020.24,2,1,3,213,6,Platinum
Todd Sumrall,6,31,16240.820000000002,2,2,1,221,5,Platinum
Tom Ashbrook,28,34,33974.210000000014,4,2,1,421,7,Gold
Tom Boeckenhauer,7,44,9969.69,2,1,1,211,4,Platinum
Tom Prescott,23,18,10973.18,3,4,1,341,8,Gold
Tom Stivers,20,38,9585.68,3,2,2,322,7,Gold
Tom Zandusky,14,23,6957.719999999999,3,3,2,332,8,Gold
Tonja Turnell,4,38,10325.569999999996,1,2,1,121,4,Platinum
Tony Chapman,0,32,4473.59,1,2,3,123,6,Platinum
Tony Molinari,25,57,16322.140000000001,4,1,1,411,6,Platinum
Tony Sayre,2,28,8011.759999999998,1,3,2,132,6,Platinum
Tracy Blumstein,19,55,13222.229999999996,3,1,1,311,5,Platinum
Tracy Collins,4,11,3670.2,1,4,4,144,9,Silver
Tracy Hopkins,11,24,7886.3099999999995,2,3,2,232,7,Gold
Tracy Poddar,10,36,6045.76,2,2,3,223,7,Gold
Tracy Zic,27,21,2379.8,4,4,4,444,12,Bronze
Troy Blackwell,24,13,657.99,3,4,4,344,11,Bronze
Troy Staebel,38,33,10141.05,4,2,1,421,7,Gold
Trudy Brown,19,42,9446.749999999998,3,1,2,312,6,Platinum
Trudy Glocke,4,33,5054.650000000001,1,2,3,123,6,Platinum
Trudy Schmidt,59,23,1791.5400000000002,4,3,4,434,11,Bronze
Valerie Dominguez,13,38,9811.82,3,2,1,321,6,Platinum
Valerie Mitchum,10,26,6739.530000000001,2,3,2,232,7,Gold
Valerie Takahito,1,24,3351.4300000000003,1,3,4,134,8,Gold
Vicky Freymann,19,29,5578.82,3,3,3,333,9,Silver
Victor Preis,1,42,9325.01,1,1,2,112,4,Platinum
Victoria Brennan,1,37,13353.110000000002,1,2,1,121,4,Platinum
Victoria Pisteka,71,23,13594.849999999999,4,3,1,431,8,Gold
Victoria Wilson,4,22,9062.629999999997,1,4,2,142,7,Gold
Vivek Gonzalez,125,29,5869.580000000002,4,3,3,433,10,Bronze
Vivek Grady,3,32,19960.61,1,2,1,121,4,Platinum
Vivek Sundaresam,22,10,608.0400000000001,3,4,4,344,11,Bronze
Vivian Mathis,5,8,537.26,2,4,4,244,10,Bronze
William Brown,4,24,6802.85,1,3,2,132,6,Platinum
Xylona Preis,28,17,1830.62,4,4,4,444,12,Bronze
Yana Sorensen,5,27,9942.18,2,3,1,231,6,Platinum
Yoseph Carroll,15,18,8189.79,3,4,2,342,9,Silver
Zuschuss Carroll,2,45,9874.010000000002,1,1,1,111,3,Platinum
Zuschuss Donatelli,0,16,2658.0199999999995,1,4,4,144,9,Silver
